-- MySQL dump 10.16  Distrib 10.1.38-MariaDB, for debian-linux-gnu (x86_64)
--
-- Host: localhost    Database: osc234
-- ------------------------------------------------------
-- Server version	10.1.38-MariaDB-0+deb9u1

/*!40101 SET @OLD_CHARACTER_SET_CLIENT=@@CHARACTER_SET_CLIENT */;
/*!40101 SET @OLD_CHARACTER_SET_RESULTS=@@CHARACTER_SET_RESULTS */;
/*!40101 SET @OLD_COLLATION_CONNECTION=@@COLLATION_CONNECTION */;
/*!40101 SET NAMES utf8 */;
/*!40103 SET @OLD_TIME_ZONE=@@TIME_ZONE */;
/*!40103 SET TIME_ZONE='+00:00' */;
/*!40014 SET @OLD_UNIQUE_CHECKS=@@UNIQUE_CHECKS, UNIQUE_CHECKS=0 */;
/*!40014 SET @OLD_FOREIGN_KEY_CHECKS=@@FOREIGN_KEY_CHECKS, FOREIGN_KEY_CHECKS=0 */;
/*!40101 SET @OLD_SQL_MODE=@@SQL_MODE, SQL_MODE='NO_AUTO_VALUE_ON_ZERO' */;
/*!40111 SET @OLD_SQL_NOTES=@@SQL_NOTES, SQL_NOTES=0 */;

--
-- Table structure for table `products_attributes`
--

DROP TABLE IF EXISTS `products_attributes`;
/*!40101 SET @saved_cs_client     = @@character_set_client */;
/*!40101 SET character_set_client = utf8 */;
CREATE TABLE `products_attributes` (
  `products_attributes_id` int(11) NOT NULL AUTO_INCREMENT,
  `products_id` int(11) NOT NULL,
  `options_id` int(11) NOT NULL,
  `options_values_id` int(11) NOT NULL,
  `options_values_price` decimal(15,4) NOT NULL,
  `price_prefix` char(1) COLLATE utf8_unicode_ci NOT NULL,
  PRIMARY KEY (`products_attributes_id`),
  KEY `idx_products_attributes_products_id` (`products_id`)
) ENGINE=InnoDB AUTO_INCREMENT=28 DEFAULT CHARSET=utf8 COLLATE=utf8_unicode_ci;
/*!40101 SET character_set_client = @saved_cs_client */;

--
-- Dumping data for table `products_attributes`
--

LOCK TABLES `products_attributes` WRITE;
/*!40000 ALTER TABLE `products_attributes` DISABLE KEYS */;
INSERT INTO `products_attributes` VALUES (1,1,4,1,0.0000,'+'),(2,1,4,2,50.0000,'+'),(3,1,4,3,70.0000,'+'),(4,1,3,5,0.0000,'+'),(5,1,3,6,100.0000,'+'),(6,2,4,3,10.0000,'-'),(7,2,4,4,0.0000,'+'),(8,2,3,6,0.0000,'+'),(9,2,3,7,120.0000,'+'),(10,26,3,8,0.0000,'+'),(11,26,3,9,6.0000,'+'),(26,22,5,10,0.0000,'+'),(27,22,5,13,0.0000,'+');
/*!40000 ALTER TABLE `products_attributes` ENABLE KEYS */;
UNLOCK TABLES;

--
-- Table structure for table `products_attributes_download`
--

DROP TABLE IF EXISTS `products_attributes_download`;
/*!40101 SET @saved_cs_client     = @@character_set_client */;
/*!40101 SET character_set_client = utf8 */;
CREATE TABLE `products_attributes_download` (
  `products_attributes_id` int(11) NOT NULL,
  `products_attributes_filename` varchar(255) COLLATE utf8_unicode_ci NOT NULL DEFAULT '',
  `products_attributes_maxdays` int(2) DEFAULT '0',
  `products_attributes_maxcount` int(2) DEFAULT '0',
  PRIMARY KEY (`products_attributes_id`)
) ENGINE=InnoDB DEFAULT CHARSET=utf8 COLLATE=utf8_unicode_ci;
/*!40101 SET character_set_client = @saved_cs_client */;

--
-- Dumping data for table `products_attributes_download`
--

LOCK TABLES `products_attributes_download` WRITE;
/*!40000 ALTER TABLE `products_attributes_download` DISABLE KEYS */;
INSERT INTO `products_attributes_download` VALUES (26,'unreal.zip',7,3);
/*!40000 ALTER TABLE `products_attributes_download` ENABLE KEYS */;
UNLOCK TABLES;

--
-- Table structure for table `products_options`
--

DROP TABLE IF EXISTS `products_options`;
/*!40101 SET @saved_cs_client     = @@character_set_client */;
/*!40101 SET character_set_client = utf8 */;
CREATE TABLE `products_options` (
  `products_options_id` int(11) NOT NULL DEFAULT '0',
  `language_id` int(11) NOT NULL DEFAULT '1',
  `products_options_name` varchar(32) COLLATE utf8_unicode_ci NOT NULL DEFAULT '',
  PRIMARY KEY (`products_options_id`,`language_id`)
) ENGINE=InnoDB DEFAULT CHARSET=utf8 COLLATE=utf8_unicode_ci;
/*!40101 SET character_set_client = @saved_cs_client */;

--
-- Dumping data for table `products_options`
--

LOCK TABLES `products_options` WRITE;
/*!40000 ALTER TABLE `products_options` DISABLE KEYS */;
INSERT INTO `products_options` VALUES (1,1,'Color'),(2,1,'Size'),(3,1,'Model'),(4,1,'Memory'),(5,1,'Version');
/*!40000 ALTER TABLE `products_options` ENABLE KEYS */;
UNLOCK TABLES;

--
-- Table structure for table `products_options_values`
--

DROP TABLE IF EXISTS `products_options_values`;
/*!40101 SET @saved_cs_client     = @@character_set_client */;
/*!40101 SET character_set_client = utf8 */;
CREATE TABLE `products_options_values` (
  `products_options_values_id` int(11) NOT NULL DEFAULT '0',
  `language_id` int(11) NOT NULL DEFAULT '1',
  `products_options_values_name` varchar(64) COLLATE utf8_unicode_ci NOT NULL DEFAULT '',
  PRIMARY KEY (`products_options_values_id`,`language_id`)
) ENGINE=InnoDB DEFAULT CHARSET=utf8 COLLATE=utf8_unicode_ci;
/*!40101 SET character_set_client = @saved_cs_client */;

--
-- Dumping data for table `products_options_values`
--

LOCK TABLES `products_options_values` WRITE;
/*!40000 ALTER TABLE `products_options_values` DISABLE KEYS */;
INSERT INTO `products_options_values` VALUES (1,1,'4 mb'),(2,1,'8 mb'),(3,1,'16 mb'),(4,1,'32 mb'),(5,1,'Value'),(6,1,'Premium'),(7,1,'Deluxe'),(8,1,'PS/2'),(9,1,'USB'),(10,1,'Download: Windows - English'),(13,1,'Box: Windows - English');
/*!40000 ALTER TABLE `products_options_values` ENABLE KEYS */;
UNLOCK TABLES;

--
-- Table structure for table `products_options_values_to_products_options`
--

DROP TABLE IF EXISTS `products_options_values_to_products_options`;
/*!40101 SET @saved_cs_client     = @@character_set_client */;
/*!40101 SET character_set_client = utf8 */;
CREATE TABLE `products_options_values_to_products_options` (
  `products_options_values_to_products_options_id` int(11) NOT NULL AUTO_INCREMENT,
  `products_options_id` int(11) NOT NULL,
  `products_options_values_id` int(11) NOT NULL,
  PRIMARY KEY (`products_options_values_to_products_options_id`)
) ENGINE=InnoDB AUTO_INCREMENT=14 DEFAULT CHARSET=utf8 COLLATE=utf8_unicode_ci;
/*!40101 SET character_set_client = @saved_cs_client */;

--
-- Dumping data for table `products_options_values_to_products_options`
--

LOCK TABLES `products_options_values_to_products_options` WRITE;
/*!40000 ALTER TABLE `products_options_values_to_products_options` DISABLE KEYS */;
INSERT INTO `products_options_values_to_products_options` VALUES (1,4,1),(2,4,2),(3,4,3),(4,4,4),(5,3,5),(6,3,6),(7,3,7),(8,3,8),(9,3,9),(10,5,10),(13,5,13);
/*!40000 ALTER TABLE `products_options_values_to_products_options` ENABLE KEYS */;
UNLOCK TABLES;

--
-- Table structure for table `products`
--

DROP TABLE IF EXISTS `products`;
/*!40101 SET @saved_cs_client     = @@character_set_client */;
/*!40101 SET character_set_client = utf8 */;
CREATE TABLE `products` (
  `products_id` int(11) NOT NULL AUTO_INCREMENT,
  `products_quantity` int(4) NOT NULL,
  `products_model` varchar(12) COLLATE utf8_unicode_ci DEFAULT NULL,
  `products_image` varchar(64) COLLATE utf8_unicode_ci DEFAULT NULL,
  `products_price` decimal(15,4) NOT NULL,
  `products_date_added` datetime NOT NULL,
  `products_last_modified` datetime DEFAULT NULL,
  `products_date_available` datetime DEFAULT NULL,
  `products_weight` decimal(5,2) NOT NULL,
  `products_status` tinyint(1) NOT NULL,
  `products_tax_class_id` int(11) NOT NULL,
  `manufacturers_id` int(11) DEFAULT NULL,
  `products_ordered` int(11) NOT NULL DEFAULT '0',
  PRIMARY KEY (`products_id`),
  KEY `idx_products_model` (`products_model`),
  KEY `idx_products_date_added` (`products_date_added`)
) ENGINE=InnoDB AUTO_INCREMENT=29 DEFAULT CHARSET=utf8 COLLATE=utf8_unicode_ci;
/*!40101 SET character_set_client = @saved_cs_client */;

--
-- Dumping data for table `products`
--

LOCK TABLES `products` WRITE;
/*!40000 ALTER TABLE `products` DISABLE KEYS */;
INSERT INTO `products` VALUES (1,32,'MG200MMS','matrox/mg200mms.gif',299.9900,'2016-02-05 00:13:11',NULL,NULL,23.00,1,1,1,0),(2,32,'MG400-32MB','matrox/mg400-32mb.gif',499.9900,'2016-02-05 00:13:11',NULL,NULL,23.00,1,1,1,0),(3,2,'MSIMPRO','microsoft/msimpro.gif',49.9900,'2016-02-05 00:13:11',NULL,NULL,7.00,1,1,3,0),(4,13,'DVD-RPMK','dvd/replacement_killers.gif',42.0000,'2016-02-05 00:13:11',NULL,NULL,23.00,1,1,2,0),(5,17,'DVD-BLDRNDC','dvd/blade_runner.gif',35.9900,'2016-02-05 00:13:11',NULL,NULL,7.00,1,1,3,0),(6,10,'DVD-MATR','dvd/the_matrix.gif',39.9900,'2016-02-05 00:13:11',NULL,NULL,7.00,1,1,3,0),(7,10,'DVD-YGEM','dvd/youve_got_mail.gif',34.9900,'2016-02-05 00:13:11',NULL,NULL,7.00,1,1,3,0),(8,10,'DVD-ABUG','dvd/a_bugs_life.gif',35.9900,'2016-02-05 00:13:11',NULL,NULL,7.00,1,1,3,0),(9,10,'DVD-UNSG','dvd/under_siege.gif',29.9900,'2016-02-05 00:13:11',NULL,NULL,7.00,1,1,3,0),(10,10,'DVD-UNSG2','dvd/under_siege2.gif',29.9900,'2016-02-05 00:13:11',NULL,NULL,7.00,1,1,3,0),(11,10,'DVD-FDBL','dvd/fire_down_below.gif',29.9900,'2016-02-05 00:13:11',NULL,NULL,7.00,1,1,3,0),(12,10,'DVD-DHWV','dvd/die_hard_3.gif',39.9900,'2016-02-05 00:13:11',NULL,NULL,7.00,1,1,4,0),(13,10,'DVD-LTWP','dvd/lethal_weapon.gif',34.9900,'2016-02-05 00:13:12',NULL,NULL,7.00,1,1,3,0),(14,10,'DVD-REDC','dvd/red_corner.gif',32.0000,'2016-02-05 00:13:12',NULL,NULL,7.00,1,1,3,0),(15,10,'DVD-FRAN','dvd/frantic.gif',35.0000,'2016-02-05 00:13:12',NULL,NULL,7.00,1,1,3,0),(16,10,'DVD-CUFI','dvd/courage_under_fire.gif',38.9900,'2016-02-05 00:13:12',NULL,NULL,7.00,1,1,4,0),(17,10,'DVD-SPEED','dvd/speed.gif',39.9900,'2016-02-05 00:13:12',NULL,NULL,7.00,1,1,4,0),(18,10,'DVD-SPEED2','dvd/speed_2.gif',42.0000,'2016-02-05 00:13:12',NULL,NULL,7.00,1,1,4,0),(19,10,'DVD-TSAB','dvd/theres_something_about_mary.gif',49.9900,'2016-02-05 00:13:12',NULL,NULL,7.00,1,1,4,0),(20,10,'DVD-BELOVED','dvd/beloved.gif',54.9900,'2016-02-05 00:13:12',NULL,NULL,7.00,1,1,3,0),(21,16,'PC-SWAT3','sierra/swat_3.gif',79.9900,'2016-02-05 00:13:12',NULL,NULL,7.00,1,1,7,0),(22,13,'PC-UNTM','gt_interactive/unreal_tournament.gif',89.9900,'2016-02-05 00:13:12',NULL,NULL,7.00,1,1,8,0),(23,16,'PC-TWOF','gt_interactive/wheel_of_time.gif',99.9900,'2016-02-05 00:13:12',NULL,NULL,10.00,1,1,8,0),(24,17,'PC-DISC','gt_interactive/disciples.gif',90.0000,'2016-02-05 00:13:12',NULL,NULL,8.00,1,1,8,0),(25,16,'MSINTKB','microsoft/intkeyboardps2.gif',69.9900,'2016-02-05 00:13:12',NULL,NULL,8.00,1,1,2,0),(26,10,'MSIMEXP','microsoft/imexplorer.gif',64.9500,'2016-02-05 00:13:12',NULL,NULL,8.00,1,1,2,0),(27,8,'HPLJ1100XI','hewlett_packard/lj1100xi.gif',499.9900,'2016-02-05 00:13:12',NULL,NULL,45.00,1,1,9,0),(28,100,'GT-P1000','samsung/galaxy_tab.gif',749.9900,'2016-02-05 00:13:12',NULL,NULL,1.00,1,1,10,0);
/*!40000 ALTER TABLE `products` ENABLE KEYS */;
UNLOCK TABLES;

--
-- Table structure for table `products_description`
--

DROP TABLE IF EXISTS `products_description`;
/*!40101 SET @saved_cs_client     = @@character_set_client */;
/*!40101 SET character_set_client = utf8 */;
CREATE TABLE `products_description` (
  `products_id` int(11) NOT NULL AUTO_INCREMENT,
  `language_id` int(11) NOT NULL DEFAULT '1',
  `products_name` varchar(64) COLLATE utf8_unicode_ci NOT NULL DEFAULT '',
  `products_description` text COLLATE utf8_unicode_ci,
  `products_url` varchar(255) COLLATE utf8_unicode_ci DEFAULT NULL,
  `products_viewed` int(5) DEFAULT '0',
  PRIMARY KEY (`products_id`,`language_id`),
  KEY `products_name` (`products_name`)
) ENGINE=InnoDB AUTO_INCREMENT=29 DEFAULT CHARSET=utf8 COLLATE=utf8_unicode_ci;
/*!40101 SET character_set_client = @saved_cs_client */;

--
-- Dumping data for table `products_description`
--

LOCK TABLES `products_description` WRITE;
/*!40000 ALTER TABLE `products_description` DISABLE KEYS */;
INSERT INTO `products_description` VALUES (1,1,'Matrox G200 MMS','Reinforcing its position as a multi-monitor trailblazer, Matrox Graphics Inc. has once again developed the most flexible and highly advanced solution in the industry. Introducing the new Matrox G200 Multi-Monitor Series; the first graphics card ever to support up to four DVI digital flat panel displays on a single 8&quot; PCI board.<br /><br />With continuing demand for digital flat panels in the financial workplace, the Matrox G200 MMS is the ultimate in flexible solutions. The Matrox G200 MMS also supports the new digital video interface (DVI) created by the Digital Display Working Group (DDWG) designed to ease the adoption of digital flat panels. Other configurations include composite video capture ability and onboard TV tuner, making the Matrox G200 MMS the complete solution for business needs.<br /><br />Based on the award-winning MGA-G200 graphics chip, the Matrox G200 Multi-Monitor Series provides superior 2D/3D graphics acceleration to meet the demanding needs of business applications such as real-time stock quotes (Versus), live video feeds (Reuters &amp; Bloombergs), multiple windows applications, word processing, spreadsheets and CAD.','www.matrox.com/mga/products/g200_mms/home.cfm',0),(2,1,'Matrox G400 32MB','<strong>Dramatically Different High Performance Graphics</strong><br /><br />Introducing the Millennium G400 Series - a dramatically different, high performance graphics experience. Armed with the industry\'s fastest graphics chip, the Millennium G400 Series takes explosive acceleration two steps further by adding unprecedented image quality, along with the most versatile display options for all your 3D, 2D and DVD applications. As the most powerful and innovative tools in your PC\'s arsenal, the Millennium G400 Series will not only change the way you see graphics, but will revolutionize the way you use your computer.<br /><br /><strong>Key features:</strong><ul><li>New Matrox G400 256-bit DualBus graphics chip</li><li>Explosive 3D, 2D and DVD performance</li><li>DualHead Display</li><li>Superior DVD and TV output</li><li>3D Environment-Mapped Bump Mapping</li><li>Vibrant Color Quality rendering </li><li>UltraSharp DAC of up to 360 MHz</li><li>3D Rendering Array Processor</li><li>Support for 16 or 32 MB of memory</li></ul>','www.matrox.com/mga/products/mill_g400/home.htm',0),(3,1,'Microsoft IntelliMouse Pro','Every element of IntelliMouse Pro - from its unique arched shape to the texture of the rubber grip around its base - is the product of extensive customer and ergonomic research. Microsoft\'s popular wheel control, which now allows zooming and universal scrolling functions, gives IntelliMouse Pro outstanding comfort and efficiency.','www.microsoft.com/hardware/mouse/intellimouse.asp',0),(4,1,'The Replacement Killers','Regional Code: 2 (Japan, Europe, Middle East, South Africa).<br />Languages: English, Deutsch.<br />Subtitles: English, Deutsch, Spanish.<br />Audio: Dolby Surround 5.1.<br />Picture Format: 16:9 Wide-Screen.<br />Length: (approx) 80 minutes.<br />Other: Interactive Menus, Chapter Selection, Subtitles (more languages).','www.replacement-killers.com',0),(5,1,'Blade Runner - Director\'s Cut','Regional Code: 2 (Japan, Europe, Middle East, South Africa).<br />Languages: English, Deutsch.<br />Subtitles: English, Deutsch, Spanish.<br />Audio: Dolby Surround 5.1.<br />Picture Format: 16:9 Wide-Screen.<br />Length: (approx) 112 minutes.<br />Other: Interactive Menus, Chapter Selection, Subtitles (more languages).','www.bladerunner.com',0),(6,1,'The Matrix','Regional Code: 2 (Japan, Europe, Middle East, South Africa).\r<br />\nLanguages: English, Deutsch.\r<br />\nSubtitles: English, Deutsch.\r<br />\nAudio: Dolby Surround.\r<br />\nPicture Format: 16:9 Wide-Screen.\r<br />\nLength: (approx) 131 minutes.\r<br />\nOther: Interactive Menus, Chapter Selection, Making Of.','www.thematrix.com',2),(7,1,'You\'ve Got Mail','Regional Code: 2 (Japan, Europe, Middle East, South Africa).\r<br />\nLanguages: English, Deutsch, Spanish.\r<br />\nSubtitles: English, Deutsch, Spanish, French, Nordic, Polish.\r<br />\nAudio: Dolby Digital 5.1.\r<br />\nPicture Format: 16:9 Wide-Screen.\r<br />\nLength: (approx) 115 minutes.\r<br />\nOther: Interactive Menus, Chapter Selection, Subtitles (more languages).','www.youvegotmail.com',0),(8,1,'A Bug\'s Life','Regional Code: 2 (Japan, Europe, Middle East, South Africa).\r<br />\nLanguages: English, Deutsch.\r<br />\nSubtitles: English, Deutsch, Spanish.\r<br />\nAudio: Dolby Digital 5.1 / Dobly Surround Stereo.\r<br />\nPicture Format: 16:9 Wide-Screen.\r<br />\nLength: (approx) 91 minutes.\r<br />\nOther: Interactive Menus, Chapter Selection, Subtitles (more languages).','www.abugslife.com',0),(9,1,'Under Siege','Regional Code: 2 (Japan, Europe, Middle East, South Africa).\r<br />\nLanguages: English, Deutsch.\r<br />\nSubtitles: English, Deutsch, Spanish.\r<br />\nAudio: Dolby Surround 5.1.\r<br />\nPicture Format: 16:9 Wide-Screen.\r<br />\nLength: (approx) 98 minutes.\r<br />\nOther: Interactive Menus, Chapter Selection, Subtitles (more languages).','',0),(10,1,'Under Siege 2 - Dark Territory','Regional Code: 2 (Japan, Europe, Middle East, South Africa).\r<br />\nLanguages: English, Deutsch.\r<br />\nSubtitles: English, Deutsch, Spanish.\r<br />\nAudio: Dolby Surround 5.1.\r<br />\nPicture Format: 16:9 Wide-Screen.\r<br />\nLength: (approx) 98 minutes.\r<br />\nOther: Interactive Menus, Chapter Selection, Subtitles (more languages).','',0),(11,1,'Fire Down Below','Regional Code: 2 (Japan, Europe, Middle East, South Africa).\r<br />\nLanguages: English, Deutsch.\r<br />\nSubtitles: English, Deutsch, Spanish.\r<br />\nAudio: Dolby Surround 5.1.\r<br />\nPicture Format: 16:9 Wide-Screen.\r<br />\nLength: (approx) 100 minutes.\r<br />\nOther: Interactive Menus, Chapter Selection, Subtitles (more languages).','',0),(12,1,'Die Hard With A Vengeance','Regional Code: 2 (Japan, Europe, Middle East, South Africa).\r<br />\nLanguages: English, Deutsch.\r<br />\nSubtitles: English, Deutsch, Spanish.\r<br />\nAudio: Dolby Surround 5.1.\r<br />\nPicture Format: 16:9 Wide-Screen.\r<br />\nLength: (approx) 122 minutes.\r<br />\nOther: Interactive Menus, Chapter Selection, Subtitles (more languages).','',0),(13,1,'Lethal Weapon','Regional Code: 2 (Japan, Europe, Middle East, South Africa).\r<br />\nLanguages: English, Deutsch.\r<br />\nSubtitles: English, Deutsch, Spanish.\r<br />\nAudio: Dolby Surround 5.1.\r<br />\nPicture Format: 16:9 Wide-Screen.\r<br />\nLength: (approx) 100 minutes.\r<br />\nOther: Interactive Menus, Chapter Selection, Subtitles (more languages).','',0),(14,1,'Red Corner','Regional Code: 2 (Japan, Europe, Middle East, South Africa).\r<br />\nLanguages: English, Deutsch.\r<br />\nSubtitles: English, Deutsch, Spanish.\r<br />\nAudio: Dolby Surround 5.1.\r<br />\nPicture Format: 16:9 Wide-Screen.\r<br />\nLength: (approx) 117 minutes.\r<br />\nOther: Interactive Menus, Chapter Selection, Subtitles (more languages).','',0),(15,1,'Frantic','Regional Code: 2 (Japan, Europe, Middle East, South Africa).\r<br />\nLanguages: English, Deutsch.\r<br />\nSubtitles: English, Deutsch, Spanish.\r<br />\nAudio: Dolby Surround 5.1.\r<br />\nPicture Format: 16:9 Wide-Screen.\r<br />\nLength: (approx) 115 minutes.\r<br />\nOther: Interactive Menus, Chapter Selection, Subtitles (more languages).','',0),(16,1,'Courage Under Fire','Regional Code: 2 (Japan, Europe, Middle East, South Africa).\r<br />\nLanguages: English, Deutsch.\r<br />\nSubtitles: English, Deutsch, Spanish.\r<br />\nAudio: Dolby Surround 5.1.\r<br />\nPicture Format: 16:9 Wide-Screen.\r<br />\nLength: (approx) 112 minutes.\r<br />\nOther: Interactive Menus, Chapter Selection, Subtitles (more languages).','',0),(17,1,'Speed','Regional Code: 2 (Japan, Europe, Middle East, South Africa).\r<br />\nLanguages: English, Deutsch.\r<br />\nSubtitles: English, Deutsch, Spanish.\r<br />\nAudio: Dolby Surround 5.1.\r<br />\nPicture Format: 16:9 Wide-Screen.\r<br />\nLength: (approx) 112 minutes.\r<br />\nOther: Interactive Menus, Chapter Selection, Subtitles (more languages).','',0),(18,1,'Speed 2: Cruise Control','Regional Code: 2 (Japan, Europe, Middle East, South Africa).\r<br />\nLanguages: English, Deutsch.\r<br />\nSubtitles: English, Deutsch, Spanish.\r<br />\nAudio: Dolby Surround 5.1.\r<br />\nPicture Format: 16:9 Wide-Screen.\r<br />\nLength: (approx) 120 minutes.\r<br />\nOther: Interactive Menus, Chapter Selection, Subtitles (more languages).','',0),(19,1,'There\'s Something About Mary','Regional Code: 2 (Japan, Europe, Middle East, South Africa).\r<br />\nLanguages: English, Deutsch.\r<br />\nSubtitles: English, Deutsch, Spanish.\r<br />\nAudio: Dolby Surround 5.1.\r<br />\nPicture Format: 16:9 Wide-Screen.\r<br />\nLength: (approx) 114 minutes.\r<br />\nOther: Interactive Menus, Chapter Selection, Subtitles (more languages).','',0),(20,1,'Beloved','Regional Code: 2 (Japan, Europe, Middle East, South Africa).\r<br />\nLanguages: English, Deutsch.\r<br />\nSubtitles: English, Deutsch, Spanish.\r<br />\nAudio: Dolby Surround 5.1.\r<br />\nPicture Format: 16:9 Wide-Screen.\r<br />\nLength: (approx) 164 minutes.\r<br />\nOther: Interactive Menus, Chapter Selection, Subtitles (more languages).','',0),(21,1,'SWAT 3: Close Quarters Battle','<strong>Windows 95/98</strong><br /><br />211 in progress with shots fired. Officer down. Armed suspects with hostages. Respond Code 3! Los Angles, 2005, In the next seven days, representatives from every nation around the world will converge on Las Angles to witness the signing of the United Nations Nuclear Abolishment Treaty. The protection of these dignitaries falls on the shoulders of one organization, LAPD SWAT. As part of this elite tactical organization, you and your team have the weapons and all the training necessary to protect, to serve, and \"When needed\" to use deadly force to keep the peace. It takes more than weapons to make it through each mission. Your arsenal includes C2 charges, flashbangs, tactical grenades. opti-Wand mini-video cameras, and other devices critical to meeting your objectives and keeping your men free of injury. Uncompromised Duty, Honor and Valor!','www.swat3.com',0),(22,1,'Unreal Tournament','From the creators of the best-selling Unreal, comes Unreal Tournament. A new kind of single player experience. A ruthless multiplayer revolution.<br /><br />This stand-alone game showcases completely new team-based gameplay, groundbreaking multi-faceted single player action or dynamic multi-player mayhem. It\'s a fight to the finish for the title of Unreal Grand Master in the gladiatorial arena. A single player experience like no other! Guide your team of \'bots\' (virtual teamates) against the hardest criminals in the galaxy for the ultimate title - the Unreal Grand Master.','www.unrealtournament.net',0),(23,1,'The Wheel Of Time','The world in which The Wheel of Time takes place is lifted directly out of Jordan\'s pages; it\'s huge and consists of many different environments. How you navigate the world will depend largely on which game - single player or multipayer - you\'re playing. The single player experience, with a few exceptions, will see Elayna traversing the world mainly by foot (with a couple notable exceptions). In the multiplayer experience, your character will have more access to travel via Ter\'angreal, Portal Stones, and the Ways. However you move around, though, you\'ll quickly discover that means of locomotion can easily become the least of the your worries...<br /><br />During your travels, you quickly discover that four locations are crucial to your success in the game. Not surprisingly, these locations are the homes of The Wheel of Time\'s main characters. Some of these places are ripped directly from the pages of Jordan\'s books, made flesh with Legend\'s unparalleled pixel-pushing ways. Other places are specific to the game, conceived and executed with the intent of expanding this game world even further. Either way, they provide a backdrop for some of the most intense first person action and strategy you\'ll have this year.','www.wheeloftime.com',0),(24,1,'Disciples: Sacred Lands','A new age is dawning...<br /><br />Enter the realm of the Sacred Lands, where the dawn of a New Age has set in motion the most momentous of wars. As the prophecies long foretold, four races now clash with swords and sorcery in a desperate bid to control the destiny of their gods. Take on the quest as a champion of the Empire, the Mountain Clans, the Legions of the Damned, or the Undead Hordes and test your faith in battles of brute force, spellbinding magic and acts of guile. Slay demons, vanquish giants and combat merciless forces of the dead and undead. But to ensure the salvation of your god, the hero within must evolve.<br /><br />The day of reckoning has come... and only the chosen will survive.','',0),(25,1,'Microsoft Internet Keyboard PS/2','The Internet Keyboard has 10 Hot Keys on a comfortable standard keyboard design that also includes a detachable palm rest. The Hot Keys allow you to browse the web, or check e-mail directly from your keyboard. The IntelliType Pro software also allows you to customize your hot keys - make the Internet Keyboard work the way you want it to!','',0),(26,1,'Microsoft IntelliMouse Explorer','Microsoft introduces its most advanced mouse, the IntelliMouse Explorer! IntelliMouse Explorer features a sleek design, an industrial-silver finish, a glowing red underside and taillight, creating a style and look unlike any other mouse. IntelliMouse Explorer combines the accuracy and reliability of Microsoft IntelliEye optical tracking technology, the convenience of two new customizable function buttons, the efficiency of the scrolling wheel and the comfort of expert ergonomic design. All these great features make this the best mouse for the PC!','www.microsoft.com/hardware/mouse/explorer.asp',0),(27,1,'Hewlett Packard LaserJet 1100Xi','HP has always set the pace in laser printing technology. The new generation HP LaserJet 1100 series sets another impressive pace, delivering a stunning 8 pages per minute print speed. The 600 dpi print resolution with HP\'s Resolution Enhancement technology (REt) makes every document more professional.<br /><br />Enhanced print speed and laser quality results are just the beginning. With 2MB standard memory, HP LaserJet 1100xi users will be able to print increasingly complex pages. Memory can be increased to 18MB to tackle even more complex documents with ease. The HP LaserJet 1100xi supports key operating systems including Windows 3.1, 3.11, 95, 98, NT 4.0, OS/2 and DOS. Network compatibility available via the optional HP JetDirect External Print Servers.<br /><br />HP LaserJet 1100xi also features The Document Builder for the Web Era from Trellix Corp. (featuring software to create Web documents).','www.pandi.hp.com/pandi-db/prodinfo.main?product=laserjet1100',0),(28,1,'Samsung Galaxy Tab','<p>Powered by a Cortex A8 1.0GHz application processor, the Samsung GALAXY Tab is designed to deliver high performance whenever and wherever you are. At the same time, HD video contents are supported by a wide range of multimedia formats (DivX, XviD, MPEG4, H.263, H.264 and more), which maximizes the joy of entertainment.</p><p>With 3G HSPA connectivity, 802.11n Wi-Fi, and Bluetooth 3.0, the Samsung GALAXY Tab enhances users\' mobile communication on a whole new level. Video conferencing and push email on the large 7-inch display make communication more smooth and efficient. For voice telephony, the Samsung GALAXY Tab turns out to be a perfect speakerphone on the desk, or a mobile phone on the move via Bluetooth headset.</p>','http://galaxytab.samsungmobile.com',0);
/*!40000 ALTER TABLE `products_description` ENABLE KEYS */;
UNLOCK TABLES;

--
-- Table structure for table `products_to_categories`
--

DROP TABLE IF EXISTS `products_to_categories`;
/*!40101 SET @saved_cs_client     = @@character_set_client */;
/*!40101 SET character_set_client = utf8 */;
CREATE TABLE `products_to_categories` (
  `products_id` int(11) NOT NULL,
  `categories_id` int(11) NOT NULL,
  PRIMARY KEY (`products_id`,`categories_id`)
) ENGINE=InnoDB DEFAULT CHARSET=utf8 COLLATE=utf8_unicode_ci;
/*!40101 SET character_set_client = @saved_cs_client */;

--
-- Dumping data for table `products_to_categories`
--

LOCK TABLES `products_to_categories` WRITE;
/*!40000 ALTER TABLE `products_to_categories` DISABLE KEYS */;
INSERT INTO `products_to_categories` VALUES (1,4),(2,4),(3,9),(4,10),(5,11),(6,10),(7,12),(8,13),(9,10),(10,10),(11,10),(12,10),(13,10),(14,15),(15,14),(16,15),(17,10),(18,10),(19,12),(20,15),(21,18),(22,19),(23,20),(24,20),(25,8),(26,9),(27,5),(28,21);
/*!40000 ALTER TABLE `products_to_categories` ENABLE KEYS */;
UNLOCK TABLES;

--
-- Table structure for table `categories`
--

DROP TABLE IF EXISTS `categories`;
/*!40101 SET @saved_cs_client     = @@character_set_client */;
/*!40101 SET character_set_client = utf8 */;
CREATE TABLE `categories` (
  `categories_id` int(11) NOT NULL AUTO_INCREMENT,
  `categories_image` varchar(64) COLLATE utf8_unicode_ci DEFAULT NULL,
  `parent_id` int(11) NOT NULL DEFAULT '0',
  `sort_order` int(3) DEFAULT NULL,
  `date_added` datetime DEFAULT NULL,
  `last_modified` datetime DEFAULT NULL,
  PRIMARY KEY (`categories_id`),
  KEY `idx_categories_parent_id` (`parent_id`)
) ENGINE=InnoDB AUTO_INCREMENT=22 DEFAULT CHARSET=utf8 COLLATE=utf8_unicode_ci;
/*!40101 SET character_set_client = @saved_cs_client */;

--
-- Dumping data for table `categories`
--

LOCK TABLES `categories` WRITE;
/*!40000 ALTER TABLE `categories` DISABLE KEYS */;
INSERT INTO `categories` VALUES (1,'category_hardware.gif',0,1,'2016-02-05 00:12:39',NULL),(2,'category_software.gif',0,2,'2016-02-05 00:12:39',NULL),(3,'category_dvd_movies.gif',0,3,'2016-02-05 00:12:39',NULL),(4,'subcategory_graphic_cards.gif',1,0,'2016-02-05 00:12:39',NULL),(5,'subcategory_printers.gif',1,0,'2016-02-05 00:12:39',NULL),(6,'subcategory_monitors.gif',1,0,'2016-02-05 00:12:39',NULL),(7,'subcategory_speakers.gif',1,0,'2016-02-05 00:12:39',NULL),(8,'subcategory_keyboards.gif',1,0,'2016-02-05 00:12:40',NULL),(9,'subcategory_mice.gif',1,0,'2016-02-05 00:12:40',NULL),(10,'subcategory_action.gif',3,0,'2016-02-05 00:12:40',NULL),(11,'subcategory_science_fiction.gif',3,0,'2016-02-05 00:12:40',NULL),(12,'subcategory_comedy.gif',3,0,'2016-02-05 00:12:40',NULL),(13,'subcategory_cartoons.gif',3,0,'2016-02-05 00:12:40',NULL),(14,'subcategory_thriller.gif',3,0,'2016-02-05 00:12:40',NULL),(15,'subcategory_drama.gif',3,0,'2016-02-05 00:12:40',NULL),(16,'subcategory_memory.gif',1,0,'2016-02-05 00:12:40',NULL),(17,'subcategory_cdrom_drives.gif',1,0,'2016-02-05 00:12:40',NULL),(18,'subcategory_simulation.gif',2,0,'2016-02-05 00:12:40',NULL),(19,'subcategory_action_games.gif',2,0,'2016-02-05 00:12:41',NULL),(20,'subcategory_strategy.gif',2,0,'2016-02-05 00:12:41',NULL),(21,'category_gadgets.png',0,4,'2016-02-05 00:12:41',NULL);
/*!40000 ALTER TABLE `categories` ENABLE KEYS */;
UNLOCK TABLES;

--
-- Table structure for table `categories_description`
--

DROP TABLE IF EXISTS `categories_description`;
/*!40101 SET @saved_cs_client     = @@character_set_client */;
/*!40101 SET character_set_client = utf8 */;
CREATE TABLE `categories_description` (
  `categories_id` int(11) NOT NULL DEFAULT '0',
  `language_id` int(11) NOT NULL DEFAULT '1',
  `categories_name` varchar(32) COLLATE utf8_unicode_ci NOT NULL,
  PRIMARY KEY (`categories_id`,`language_id`),
  KEY `idx_categories_name` (`categories_name`)
) ENGINE=InnoDB DEFAULT CHARSET=utf8 COLLATE=utf8_unicode_ci;
/*!40101 SET character_set_client = @saved_cs_client */;

--
-- Dumping data for table `categories_description`
--

LOCK TABLES `categories_description` WRITE;
/*!40000 ALTER TABLE `categories_description` DISABLE KEYS */;
INSERT INTO `categories_description` VALUES (10,1,'Action'),(19,1,'Action'),(13,1,'Cartoons'),(17,1,'CDROM Drives'),(12,1,'Comedy'),(15,1,'Drama'),(3,1,'DVD Movies'),(21,1,'Gadgets'),(4,1,'Graphics Cards'),(1,1,'Hardware'),(8,1,'Keyboards'),(16,1,'Memory'),(9,1,'Mice'),(6,1,'Monitors'),(5,1,'Printers'),(11,1,'Science Fiction'),(18,1,'Simulation'),(2,1,'Software'),(7,1,'Speakers'),(20,1,'Strategy'),(14,1,'Thriller');
/*!40000 ALTER TABLE `categories_description` ENABLE KEYS */;
UNLOCK TABLES;

--
-- Table structure for table `manufacturers`
--

DROP TABLE IF EXISTS `manufacturers`;
/*!40101 SET @saved_cs_client     = @@character_set_client */;
/*!40101 SET character_set_client = utf8 */;
CREATE TABLE `manufacturers` (
  `manufacturers_id` int(11) NOT NULL AUTO_INCREMENT,
  `manufacturers_name` varchar(32) COLLATE utf8_unicode_ci NOT NULL,
  `manufacturers_image` varchar(64) COLLATE utf8_unicode_ci DEFAULT NULL,
  `date_added` datetime DEFAULT NULL,
  `last_modified` datetime DEFAULT NULL,
  PRIMARY KEY (`manufacturers_id`),
  KEY `IDX_MANUFACTURERS_NAME` (`manufacturers_name`)
) ENGINE=InnoDB AUTO_INCREMENT=11 DEFAULT CHARSET=utf8 COLLATE=utf8_unicode_ci;
/*!40101 SET character_set_client = @saved_cs_client */;

--
-- Dumping data for table `manufacturers`
--

LOCK TABLES `manufacturers` WRITE;
/*!40000 ALTER TABLE `manufacturers` DISABLE KEYS */;
INSERT INTO `manufacturers` VALUES (1,'Matrox','manufacturer_matrox.gif','2016-02-05 00:13:09',NULL),(2,'Microsoft','manufacturer_microsoft.gif','2016-02-05 00:13:09',NULL),(3,'Warner','manufacturer_warner.gif','2016-02-05 00:13:09',NULL),(4,'Fox','manufacturer_fox.gif','2016-02-05 00:13:10',NULL),(5,'Logitech','manufacturer_logitech.gif','2016-02-05 00:13:10',NULL),(6,'Canon','manufacturer_canon.gif','2016-02-05 00:13:10',NULL),(7,'Sierra','manufacturer_sierra.gif','2016-02-05 00:13:10',NULL),(8,'GT Interactive','manufacturer_gt_interactive.gif','2016-02-05 00:13:10',NULL),(9,'Hewlett Packard','manufacturer_hewlett_packard.gif','2016-02-05 00:13:10',NULL),(10,'Samsung','manufacturer_samsung.png','2016-02-05 00:13:10',NULL);
/*!40000 ALTER TABLE `manufacturers` ENABLE KEYS */;
UNLOCK TABLES;

--
-- Table structure for table `manufacturers_info`
--

DROP TABLE IF EXISTS `manufacturers_info`;
/*!40101 SET @saved_cs_client     = @@character_set_client */;
/*!40101 SET character_set_client = utf8 */;
CREATE TABLE `manufacturers_info` (
  `manufacturers_id` int(11) NOT NULL,
  `languages_id` int(11) NOT NULL,
  `manufacturers_url` varchar(255) COLLATE utf8_unicode_ci NOT NULL,
  `url_clicked` int(5) NOT NULL DEFAULT '0',
  `date_last_click` datetime DEFAULT NULL,
  PRIMARY KEY (`manufacturers_id`,`languages_id`)
) ENGINE=InnoDB DEFAULT CHARSET=utf8 COLLATE=utf8_unicode_ci;
/*!40101 SET character_set_client = @saved_cs_client */;

--
-- Dumping data for table `manufacturers_info`
--

LOCK TABLES `manufacturers_info` WRITE;
/*!40000 ALTER TABLE `manufacturers_info` DISABLE KEYS */;
INSERT INTO `manufacturers_info` VALUES (1,1,'http://www.matrox.com',0,NULL),(2,1,'http://www.microsoft.com',0,NULL),(3,1,'http://www.warner.com',0,NULL),(4,1,'http://www.fox.com',0,NULL),(5,1,'http://www.logitech.com',0,NULL),(6,1,'http://www.canon.com',0,NULL),(7,1,'http://www.sierra.com',0,NULL),(8,1,'http://www.infogrames.com',0,NULL),(9,1,'http://www.hewlettpackard.com',0,NULL),(10,1,'http://www.samsung.com',0,NULL);
/*!40000 ALTER TABLE `manufacturers_info` ENABLE KEYS */;
UNLOCK TABLES;

--
-- Table structure for table `specials`
--

DROP TABLE IF EXISTS `specials`;
/*!40101 SET @saved_cs_client     = @@character_set_client */;
/*!40101 SET character_set_client = utf8 */;
CREATE TABLE `specials` (
  `specials_id` int(11) NOT NULL AUTO_INCREMENT,
  `products_id` int(11) NOT NULL,
  `specials_new_products_price` decimal(15,4) NOT NULL,
  `specials_date_added` datetime DEFAULT NULL,
  `specials_last_modified` datetime DEFAULT NULL,
  `expires_date` datetime DEFAULT NULL,
  `date_status_change` datetime DEFAULT NULL,
  `status` int(1) NOT NULL DEFAULT '1',
  PRIMARY KEY (`specials_id`),
  KEY `idx_specials_products_id` (`products_id`)
) ENGINE=InnoDB AUTO_INCREMENT=5 DEFAULT CHARSET=utf8 COLLATE=utf8_unicode_ci;
/*!40101 SET character_set_client = @saved_cs_client */;

--
-- Dumping data for table `specials`
--

LOCK TABLES `specials` WRITE;
/*!40000 ALTER TABLE `specials` DISABLE KEYS */;
INSERT INTO `specials` VALUES (1,3,39.9900,'2016-02-05 00:13:20',NULL,NULL,NULL,1),(2,5,30.0000,'2016-02-05 00:13:20',NULL,NULL,NULL,1),(3,6,30.0000,'2016-02-05 00:13:21',NULL,NULL,NULL,1),(4,16,29.9900,'2016-02-05 00:13:21',NULL,NULL,NULL,1);
/*!40000 ALTER TABLE `specials` ENABLE KEYS */;
UNLOCK TABLES;
/*!40103 SET TIME_ZONE=@OLD_TIME_ZONE */;

/*!40101 SET SQL_MODE=@OLD_SQL_MODE */;
/*!40014 SET FOREIGN_KEY_CHECKS=@OLD_FOREIGN_KEY_CHECKS */;
/*!40014 SET UNIQUE_CHECKS=@OLD_UNIQUE_CHECKS */;
/*!40101 SET CHARACTER_SET_CLIENT=@OLD_CHARACTER_SET_CLIENT */;
/*!40101 SET CHARACTER_SET_RESULTS=@OLD_CHARACTER_SET_RESULTS */;
/*!40101 SET COLLATION_CONNECTION=@OLD_COLLATION_CONNECTION */;
/*!40111 SET SQL_NOTES=@OLD_SQL_NOTES */;

-- Dump completed on 2019-07-06 21:22:24
